mode,median_kapr,mean_kapr
1,100,100
2,5.800195686543746,7.117142684318129
3,4.974756342488389,4.607440648611059
4,5.690544248645862,6.583770918843821
5,3.6851977939942198,3.251101676468871
